recording_id,database,label
a0001,a,1
a0002,a,1
a0003,a,1
a0004,a,1
a0005,a,1
a0006,a,1
a0007,a,0
a0008,a,1
a0009,a,0
a0010,a,1
a0011,a,0
a0012,a,0
a0013,a,1
a0014,a,1
a0015,a,1
a0016,a,0
a0017,a,1
a0018,a,1
a0019,a,0
a0020,a,1
a0021,a,1
a0022,a,1
a0023,a,1
a0024,a,1
a0025,a,0
a0026,a,1
a0027,a,0
a0028,a,0
a0029,a,0
a0030,a,1
a0031,a,1
a0032,a,0
a0033,a,1
a0034,a,1
a0035,a,0
a0036,a,1
a0037,a,1
a0038,a,0
a0039,a,1
a0040,a,1
a0041,a,1
a0042,a,1
a0043,a,1
a0044,a,1
a0045,a,1
a0046,a,1
a0047,a,1
a0048,a,1
a0049,a,0
a0050,a,0
a0051,a,1
a0052,a,1
a0053,a,0
a0054,a,1
a0055,a,0
a0056,a,1
a0057,a,1
a0058,a,1
a0059,a,1
a0060,a,1
a0061,a,1
a0062,a,1
a0063,a,1
a0064,a,1
a0065,a,1
a0066,a,1
a0067,a,1
a0068,a,0
a0069,a,0
a0070,a,0
a0071,a,0
a0072,a,1
a0073,a,1
a0074,a,1
a0075,a,1
a0076,a,1
a0077,a,1
a0078,a,1
a0079,a,1
a0080,a,0
a0081,a,0
a0082,a,1
a0083,a,1
a0084,a,1
a0085,a,0
a0086,a,0
a0087,a,1
a0088,a,0
a0089,a,1
a0090,a,1
a0091,a,0
a0092,a,1
a0093,a,0
a0094,a,0
a0095,a,1
a0096,a,1
a0097,a,1
a0098,a,1
a0099,a,1
a0100,a,1
a0101,a,1
a0102,a,0
a0103,a,1
a0104,a,1
a0105,a,0
a0106,a,0
a0107,a,1
a0108,a,0
a0109,a,0
a0110,a,1
a0111,a,1
a0112,a,1
a0113,a,1
a0114,a,1
a0115,a,1
a0116,a,1
a0117,a,1
a0118,a,0
a0119,a,1
a0120,a,1
a0121,a,1
a0122,a,1
a0123,a,1
a0124,a,1
a0125,a,0
a0126,a,1
a0127,a,0
a0128,a,1
a0129,a,0
a0130,a,1
a0131,a,1
a0132,a,1
a0133,a,1
a0134,a,1
a0135,a,1
a0136,a,0
a0137,a,1
a0138,a,1
a0139,a,0
a0140,a,0
a0141,a,0
a0142,a,1
a0143,a,1
a0144,a,1
a0145,a,1
a0146,a,1
a0147,a,1
a0148,a,1
a0149,a,1
a0150,a,1
a0151,a,1
a0152,a,1
a0153,a,0
a0154,a,0
a0155,a,0
a0156,a,1
a0157,a,1
a0158,a,1
a0159,a,1
a0160,a,1
a0161,a,0
a0162,a,1
a0163,a,1
a0164,a,1
a0165,a,0
a0166,a,1
a0167,a,1
a0168,a,1
a0169,a,1
a0170,a,1
a0171,a,0
a0172,a,1
a0173,a,1
a0174,a,1
a0175,a,1
a0176,a,1
a0177,a,1
a0178,a,0
a0179,a,0
a0180,a,1
a0181,a,0
a0182,a,1
a0183,a,1
a0184,a,0
a0185,a,0
a0186,a,1
a0187,a,1
a0188,a,1
a0189,a,0
a0190,a,1
a0191,a,1
a0192,a,1
a0193,a,0
a0194,a,1
a0195,a,0
a0196,a,0
a0197,a,1
a0198,a,1
a0199,a,0
a0200,a,1
a0201,a,1
a0202,a,1
a0203,a,1
a0204,a,0
a0205,a,1
a0206,a,1
a0207,a,1
a0208,a,0
a0209,a,1
a0210,a,0
a0211,a,0
a0212,a,0
a0213,a,1
a0214,a,1
a0215,a,1
a0216,a,1
a0217,a,1
a0218,a,1
a0219,a,1
a0220,a,1
a0221,a,1
a0222,a,1
a0223,a,1
a0224,a,1
a0225,a,1
a0226,a,1
a0227,a,0
a0228,a,1
a0229,a,0
a0230,a,1
a0231,a,0
a0232,a,1
a0233,a,1
a0234,a,1
a0235,a,0
a0236,a,1
a0237,a,1
a0238,a,0
a0239,a,1
a0240,a,1
a0241,a,0
a0242,a,1
a0243,a,0
a0244,a,1
a0245,a,1
a0246,a,1
a0247,a,1
a0248,a,1
a0249,a,1
a0250,a,0
a0251,a,1
a0252,a,1
a0253,a,0
a0254,a,1
a0255,a,1
a0256,a,1
a0257,a,1
a0258,a,1
a0259,a,1
a0260,a,1
a0261,a,1
a0262,a,1
a0263,a,1
a0264,a,0
a0265,a,1
a0266,a,0
a0267,a,1
a0268,a,1
a0269,a,1
a0270,a,0
a0271,a,0
a0272,a,1
a0273,a,1
a0274,a,0
a0275,a,1
a0276,a,1
a0277,a,1
a0278,a,1
a0279,a,1
a0280,a,1
a0281,a,1
a0282,a,1
a0283,a,0
a0284,a,1
a0285,a,0
a0286,a,1
a0287,a,0
a0288,a,1
a0289,a,0
a0290,a,0
a0291,a,1
a0292,a,1
a0293,a,0
a0294,a,0
a0295,a,1
a0296,a,1
a0297,a,1
a0298,a,0
a0299,a,0
a0300,a,1
a0301,a,0
a0302,a,0
a0303,a,1
a0304,a,0
a0305,a,1
a0306,a,1
a0307,a,1
a0308,a,1
a0309,a,0
a0310,a,0
a0311,a,0
a0312,a,1
a0313,a,1
a0314,a,1
a0315,a,1
a0316,a,1
a0317,a,1
a0318,a,1
a0319,a,1
a0320,a,1
a0321,a,1
a0322,a,1
a0323,a,0
a0324,a,1
a0325,a,0
a0326,a,1
a0327,a,1
a0328,a,0
a0329,a,0
a0330,a,0
a0331,a,1
a0332,a,0
a0333,a,1
a0334,a,0
a0335,a,1
a0336,a,1
a0337,a,0
a0338,a,1
a0339,a,1
a0340,a,0
a0341,a,1
a0342,a,0
a0343,a,1
a0344,a,1
a0345,a,1
a0346,a,1
a0347,a,1
a0348,a,1
a0349,a,1
a0350,a,1
a0351,a,0
a0352,a,0
a0353,a,0
a0354,a,1
a0355,a,0
a0356,a,1
a0357,a,1
a0358,a,1
a0359,a,0
a0360,a,1
a0361,a,0
a0362,a,1
a0363,a,1
a0364,a,1
a0365,a,1
a0366,a,1
a0367,a,1
a0368,a,1
a0369,a,1
a0370,a,1
a0371,a,1
a0372,a,1
a0373,a,1
a0374,a,1
a0375,a,1
a0376,a,1
a0377,a,1
a0378,a,1
a0379,a,1
a0380,a,1
a0381,a,1
a0382,a,1
a0383,a,1
a0384,a,1
a0385,a,0
a0386,a,0
a0387,a,1
a0388,a,1
a0389,a,1
a0390,a,1
a0391,a,1
a0392,a,1
a0393,a,0
a0394,a,1
a0395,a,1
a0396,a,1
a0397,a,1
a0398,a,1
a0399,a,1
a0400,a,1
a0401,a,0
a0402,a,1
a0403,a,1
a0404,a,1
a0405,a,0
a0406,a,0
a0407,a,0
a0408,a,0
a0409,a,0
b0001,b,0
b0002,b,0
b0003,b,0
b0004,b,0
b0005,b,0
b0006,b,0
b0007,b,0
b0008,b,1
b0009,b,0
b0010,b,0
b0011,b,0
b0012,b,0
b0013,b,1
b0014,b,0
b0015,b,0
b0016,b,1
b0017,b,0
b0018,b,1
b0019,b,0
b0020,b,0
b0021,b,0
b0022,b,1
b0023,b,1
b0024,b,0
b0025,b,0
b0026,b,0
b0027,b,0
b0028,b,0
b0029,b,0
b0030,b,1
b0031,b,0
b0032,b,1
b0033,b,1
b0034,b,0
b0035,b,0
b0036,b,0
b0037,b,1
b0038,b,0
b0039,b,0
b0040,b,1
b0041,b,1
b0042,b,0
b0043,b,1
b0044,b,0
b0045,b,0
b0046,b,1
b0047,b,0
b0048,b,1
b0049,b,0
b0050,b,0
b0051,b,0
b0052,b,0
b0053,b,0
b0054,b,1
b0055,b,0
b0056,b,0
b0057,b,1
b0058,b,0
b0059,b,0
b0060,b,0
b0061,b,0
b0062,b,0
b0063,b,1
b0064,b,0
b0065,b,0
b0066,b,0
b0067,b,0
b0068,b,1
b0069,b,0
b0070,b,0
b0071,b,0
b0072,b,0
b0073,b,0
b0074,b,0
b0075,b,0
b0076,b,0
b0077,b,1
b0078,b,0
b0079,b,0
b0080,b,0
b0081,b,1
b0082,b,0
b0083,b,0
b0084,b,0
b0085,b,0
b0086,b,1
b0087,b,0
b0088,b,0
b0089,b,0
b0090,b,0
b0091,b,0
b0092,b,0
b0093,b,0
b0094,b,0
b0095,b,0
b0096,b,1
b0097,b,0
b0098,b,0
b0099,b,0
b0100,b,0
b0101,b,0
b0102,b,0
b0103,b,0
b0104,b,0
b0105,b,0
b0106,b,1
b0107,b,0
b0108,b,0
b0109,b,0
b0110,b,0
b0111,b,0
b0112,b,0
b0113,b,0
b0114,b,0
b0115,b,0
b0116,b,0
b0117,b,1
b0118,b,0
b0119,b,0
b0120,b,1
b0121,b,0
b0122,b,0
b0123,b,0
b0124,b,0
b0125,b,0
b0126,b,0
b0127,b,0
b0128,b,0
b0129,b,0
b0130,b,1
b0131,b,0
b0132,b,0
b0133,b,0
b0134,b,0
b0135,b,0
b0136,b,1
b0137,b,1
b0138,b,0
b0139,b,0
b0140,b,1
b0141,b,0
b0142,b,0
b0143,b,0
b0144,b,0
b0145,b,0
b0146,b,0
b0147,b,0
b0148,b,1
b0149,b,0
b0150,b,0
b0151,b,0
b0152,b,0
b0153,b,0
b0154,b,0
b0155,b,1
b0156,b,0
b0157,b,0
b0158,b,0
b0159,b,1
b0160,b,0
b0161,b,0
b0162,b,0
b0163,b,0
b0164,b,1
b0165,b,0
b0166,b,0
b0167,b,0
b0168,b,0
b0169,b,0
b0170,b,0
b0171,b,1
b0172,b,0
b0173,b,0
b0174,b,0
b0175,b,0
b0176,b,1
b0177,b,0
b0178,b,0
b0179,b,0
b0180,b,0
b0181,b,0
b0182,b,0
b0183,b,0
b0184,b,0
b0185,b,0
b0186,b,0
b0187,b,0
b0188,b,0
b0189,b,0
b0190,b,1
b0191,b,0
b0192,b,0
b0193,b,0
b0194,b,0
b0195,b,0
b0196,b,0
b0197,b,1
b0198,b,0
b0199,b,0
b0200,b,0
b0201,b,0
b0202,b,0
b0203,b,0
b0204,b,0
b0205,b,0
b0206,b,0
b0207,b,0
b0208,b,1
b0209,b,0
b0210,b,0
b0211,b,0
b0212,b,0
b0213,b,0
b0214,b,0
b0215,b,0
b0216,b,0
b0217,b,0
b0218,b,0
b0219,b,0
b0220,b,0
b0221,b,1
b0222,b,0
b0223,b,0
b0224,b,1
b0225,b,0
b0226,b,0
b0227,b,0
b0228,b,0
b0229,b,0
b0230,b,0
b0231,b,0
b0232,b,1
b0233,b,1
b0234,b,0
b0235,b,1
b0236,b,0
b0237,b,0
b0238,b,1
b0239,b,1
b0240,b,0
b0241,b,0
b0242,b,1
b0243,b,1
b0244,b,0
b0245,b,0
b0246,b,0
b0247,b,0
b0248,b,1
b0249,b,0
b0250,b,0
b0251,b,1
b0252,b,0
b0253,b,1
b0254,b,0
b0255,b,0
b0256,b,0
b0257,b,1
b0258,b,0
b0259,b,0
b0260,b,0
b0261,b,0
b0262,b,1
b0263,b,1
b0264,b,0
b0265,b,1
b0266,b,0
b0267,b,1
b0268,b,0
b0269,b,0
b0270,b,0
b0271,b,1
b0272,b,0
b0273,b,1
b0274,b,0
b0275,b,0
b0276,b,0
b0277,b,0
b0278,b,1
b0279,b,1
b0280,b,1
b0281,b,0
b0282,b,0
b0283,b,0
b0284,b,1
b0285,b,0
b0286,b,0
b0287,b,0
b0288,b,0
b0289,b,0
b0290,b,0
b0291,b,0
b0292,b,1
b0293,b,0
b0294,b,0
b0295,b,1
b0296,b,0
b0297,b,0
b0298,b,0
b0299,b,1
b0300,b,0
b0301,b,0
b0302,b,0
b0303,b,0
b0304,b,0
b0305,b,0
b0306,b,0
b0307,b,1
b0308,b,0
b0309,b,0
b0310,b,0
b0311,b,0
b0312,b,0
b0313,b,0
b0314,b,0
b0315,b,0
b0316,b,0
b0317,b,0
b0318,b,1
b0319,b,1
b0320,b,0
b0321,b,0
b0322,b,0
b0323,b,0
b0324,b,0
b0325,b,0
b0326,b,0
b0327,b,1
b0328,b,0
b0329,b,0
b0330,b,0
b0331,b,0
b0332,b,0
b0333,b,0
b0334,b,1
b0335,b,1
b0336,b,0
b0337,b,0
b0338,b,0
b0339,b,0
b0340,b,0
b0341,b,1
b0342,b,1
b0343,b,0
b0344,b,1
b0345,b,0
b0346,b,0
b0347,b,0
b0348,b,0
b0349,b,1
b0350,b,0
b0351,b,0
b0352,b,0
b0353,b,0
b0354,b,0
b0355,b,0
b0356,b,0
b0357,b,0
b0358,b,0
b0359,b,0
b0360,b,0
b0361,b,1
b0362,b,0
b0363,b,0
b0364,b,0
b0365,b,1
b0366,b,0
b0367,b,1
b0368,b,0
b0369,b,1
b0370,b,0
b0371,b,0
b0372,b,0
b0373,b,0
b0374,b,0
b0375,b,0
b0376,b,0
b0377,b,0
b0378,b,0
b0379,b,0
b0380,b,0
b0381,b,0
b0382,b,0
b0383,b,0
b0384,b,1
b0385,b,1
b0386,b,0
b0387,b,0
b0388,b,0
b0389,b,0
b0390,b,1
b0391,b,0
b0392,b,0
b0393,b,0
b0394,b,0
b0395,b,1
b0396,b,0
b0397,b,1
b0398,b,0
b0399,b,0
b0400,b,0
b0401,b,0
b0402,b,0
b0403,b,0
b0404,b,0
b0405,b,0
b0406,b,0
b0407,b,0
b0408,b,1
b0409,b,1
b0410,b,0
b0411,b,0
b0412,b,0
b0413,b,1
b0414,b,0
b0415,b,0
b0416,b,0
b0417,b,0
b0418,b,1
b0419,b,0
b0420,b,0
b0421,b,0
b0422,b,1
b0423,b,0
b0424,b,0
b0425,b,0
b0426,b,0
b0427,b,1
b0428,b,1
b0429,b,0
b0430,b,0
b0431,b,0
b0432,b,0
b0433,b,0
b0434,b,0
b0435,b,0
b0436,b,1
b0437,b,1
b0438,b,0
b0439,b,0
b0440,b,0
b0441,b,0
b0442,b,0
b0443,b,0
b0444,b,1
b0445,b,0
b0446,b,1
b0447,b,0
b0448,b,0
b0449,b,0
b0450,b,1
b0451,b,0
b0452,b,0
b0453,b,0
b0454,b,0
b0455,b,1
b0456,b,0
b0457,b,0
b0458,b,0
b0459,b,0
b0460,b,0
b0461,b,0
b0462,b,0
b0463,b,0
b0464,b,0
b0465,b,1
b0466,b,0
b0467,b,1
b0468,b,1
b0469,b,0
b0470,b,0
b0471,b,1
b0472,b,0
b0473,b,0
b0474,b,1
b0475,b,0
b0476,b,1
b0477,b,0
b0478,b,0
b0479,b,0
b0480,b,0
b0481,b,0
b0482,b,0
b0483,b,0
b0484,b,1
b0485,b,0
b0486,b,0
b0487,b,0
b0488,b,0
b0489,b,0
b0490,b,0
c0001,c,1
c0002,c,1
c0003,c,0
c0004,c,1
c0005,c,1
c0006,c,0
c0007,c,0
c0008,c,1
c0009,c,1
c0010,c,1
c0011,c,0
c0012,c,1
c0013,c,1
c0014,c,1
c0015,c,1
c0016,c,0
c0017,c,1
c0018,c,1
c0019,c,1
c0020,c,1
c0021,c,1
c0022,c,0
c0023,c,1
c0024,c,1
c0025,c,1
c0026,c,1
c0027,c,1
c0028,c,1
c0029,c,1
c0030,c,0
c0031,c,1
d0001,d,0
d0002,d,1
d0003,d,1
d0004,d,1
d0005,d,0
d0006,d,0
d0007,d,0
d0008,d,1
d0009,d,1
d0010,d,1
d0011,d,1
d0012,d,1
d0013,d,0
d0014,d,1
d0015,d,0
d0016,d,0
d0017,d,1
d0018,d,1
d0019,d,1
d0020,d,0
d0021,d,1
d0022,d,1
d0023,d,0
d0024,d,0
d0025,d,0
d0026,d,1
d0027,d,0
d0028,d,1
d0029,d,1
d0030,d,0
d0031,d,0
d0032,d,1
d0033,d,1
d0034,d,1
d0035,d,1
d0036,d,0
d0037,d,0
d0038,d,1
d0039,d,1
d0040,d,1
d0041,d,0
d0042,d,1
d0043,d,0
d0044,d,0
d0045,d,0
d0046,d,1
d0047,d,0
d0048,d,0
d0049,d,0
d0050,d,0
d0051,d,1
d0052,d,1
d0053,d,0
d0054,d,0
d0055,d,0
e00001,e,0
e00002,e,0
e00003,e,0
e00004,e,0
e00005,e,0
e00006,e,0
e00007,e,0
e00008,e,0
e00009,e,0
e00010,e,0
e00011,e,0
e00012,e,0
e00013,e,0
e00014,e,0
e00015,e,0
e00016,e,0
e00017,e,0
e00018,e,0
e00019,e,0
e00020,e,1
e00021,e,0
e00022,e,0
e00023,e,0
e00024,e,0
e00025,e,0
e00026,e,0
e00027,e,0
e00028,e,0
e00029,e,0
e00030,e,0
e00031,e,0
e00032,e,0
e00033,e,0
e00034,e,0
e00035,e,0
e00036,e,0
e00037,e,0
e00038,e,0
e00039,e,0
e00040,e,0
e00041,e,0
e00042,e,0
e00043,e,0
e00044,e,0
e00045,e,0
e00046,e,0
e00047,e,0
e00048,e,1
e00049,e,0
e00050,e,0
e00051,e,0
e00052,e,0
e00053,e,0
e00054,e,0
e00055,e,0
e00056,e,0
e00057,e,0
e00058,e,0
e00059,e,1
e00060,e,0
e00061,e,0
e00062,e,0
e00063,e,0
e00064,e,0
e00065,e,0
e00066,e,0
e00067,e,0
e00068,e,0
e00069,e,0
e00070,e,0
e00071,e,1
e00072,e,0
e00073,e,0
e00074,e,0
e00075,e,0
e00076,e,0
e00077,e,0
e00078,e,0
e00079,e,0
e00080,e,0
e00081,e,0
e00082,e,0
e00083,e,0
e00084,e,0
e00085,e,0
e00086,e,0
e00087,e,1
e00088,e,0
e00089,e,0
e00090,e,0
e00091,e,0
e00092,e,0
e00093,e,0
e00094,e,0
e00095,e,0
e00096,e,0
e00097,e,1
e00098,e,0
e00099,e,0
e00100,e,0
e00101,e,0
e00102,e,0
e00103,e,0
e00104,e,0
e00105,e,0
e00106,e,0
e00107,e,0
e00108,e,0
e00109,e,0
e00110,e,0
e00111,e,0
e00112,e,0
e00113,e,0
e00114,e,1
e00115,e,0
e00116,e,0
e00117,e,0
e00118,e,0
e00119,e,0
e00120,e,1
e00121,e,0
e00122,e,0
e00123,e,0
e00124,e,0
e00125,e,0
e00126,e,0
e00127,e,0
e00128,e,0
e00129,e,0
e00130,e,0
e00131,e,0
e00132,e,0
e00133,e,0
e00134,e,0
e00135,e,1
e00136,e,0
e00137,e,0
e00138,e,0
e00139,e,0
e00140,e,1
e00141,e,0
e00142,e,1
e00143,e,0
e00144,e,0
e00145,e,0
e00146,e,0
e00147,e,0
e00148,e,0
e00149,e,0
e00150,e,0
e00151,e,0
e00152,e,1
e00153,e,0
e00154,e,0
e00155,e,0
e00156,e,0
e00157,e,0
e00158,e,0
e00159,e,0
e00160,e,0
e00161,e,0
e00162,e,0
e00163,e,0
e00164,e,0
e00165,e,0
e00166,e,0
e00167,e,0
e00168,e,0
e00169,e,0
e00170,e,0
e00171,e,0
e00172,e,0
e00173,e,0
e00174,e,0
e00175,e,0
e00176,e,1
e00177,e,0
e00178,e,0
e00179,e,0
e00180,e,0
e00181,e,0
e00182,e,0
e00183,e,0
e00184,e,0
e00185,e,0
e00186,e,0
e00187,e,0
e00188,e,0
e00189,e,0
e00190,e,0
e00191,e,1
e00192,e,0
e00193,e,0
e00194,e,0
e00195,e,1
e00196,e,0
e00197,e,0
e00198,e,0
e00199,e,0
e00200,e,0
e00201,e,0
e00202,e,0
e00203,e,0
e00204,e,0
e00205,e,0
e00206,e,0
e00207,e,0
e00208,e,0
e00209,e,0
e00210,e,0
e00211,e,0
e00212,e,0
e00213,e,0
e00214,e,0
e00215,e,0
e00216,e,1
e00217,e,0
e00218,e,0
e00219,e,0
e00220,e,0
e00221,e,0
e00222,e,0
e00223,e,0
e00224,e,0
e00225,e,0
e00226,e,0
e00227,e,0
e00228,e,1
e00229,e,0
e00230,e,0
e00231,e,0
e00232,e,0
e00233,e,0
e00234,e,0
e00235,e,0
e00236,e,0
e00237,e,0
e00238,e,0
e00239,e,0
e00240,e,0
e00241,e,0
e00242,e,0
e00243,e,0
e00244,e,0
e00245,e,0
e00246,e,0
e00247,e,0
e00248,e,0
e00249,e,0
e00250,e,0
e00251,e,0
e00252,e,0
e00253,e,0
e00254,e,0
e00255,e,0
e00256,e,0
e00257,e,0
e00258,e,0
e00259,e,0
e00260,e,0
e00261,e,0
e00262,e,0
e00263,e,0
e00264,e,0
e00265,e,0
e00266,e,1
e00267,e,0
e00268,e,0
e00269,e,0
e00270,e,0
e00271,e,0
e00272,e,0
e00273,e,0
e00274,e,0
e00275,e,1
e00276,e,0
e00277,e,0
e00278,e,0
e00279,e,0
e00280,e,0
e00281,e,0
e00282,e,0
e00283,e,0
e00284,e,0
e00285,e,0
e00286,e,0
e00287,e,0
e00288,e,0
e00289,e,0
e00290,e,0
e00291,e,0
e00292,e,0
e00293,e,0
e00294,e,0
e00295,e,1
e00296,e,0
e00297,e,0
e00298,e,0
e00299,e,0
e00300,e,0
e00301,e,0
e00302,e,0
e00303,e,0
e00304,e,1
e00305,e,1
e00306,e,0
e00307,e,0
e00308,e,0
e00309,e,0
e00310,e,0
e00311,e,0
e00312,e,0
e00313,e,0
e00314,e,0
e00315,e,0
e00316,e,0
e00317,e,0
e00318,e,0
e00319,e,0
e00320,e,0
e00321,e,1
e00322,e,0
e00323,e,0
e00324,e,0
e00325,e,0
e00326,e,0
e00327,e,0
e00328,e,1
e00329,e,0
e00330,e,1
e00331,e,0
e00332,e,0
e00333,e,0
e00334,e,0
e00335,e,0
e00336,e,1
e00337,e,0
e00338,e,0
e00339,e,0
e00340,e,0
e00341,e,0
e00342,e,0
e00343,e,0
e00344,e,0
e00345,e,0
e00346,e,0
e00347,e,0
e00348,e,0
e00349,e,0
e00350,e,0
e00351,e,0
e00352,e,0
e00353,e,0
e00354,e,0
e00355,e,0
e00356,e,0
e00357,e,0
e00358,e,0
e00359,e,1
e00360,e,0
e00361,e,0
e00362,e,0
e00363,e,0
e00364,e,0
e00365,e,0
e00366,e,0
e00367,e,0
e00368,e,0
e00369,e,0
e00370,e,0
e00371,e,0
e00372,e,0
e00373,e,1
e00374,e,0
e00375,e,0
e00376,e,0
e00377,e,0
e00378,e,0
e00379,e,0
e00380,e,0
e00381,e,0
e00382,e,0
e00383,e,0
e00384,e,0
e00385,e,0
e00386,e,0
e00387,e,0
e00388,e,1
e00389,e,0
e00390,e,0
e00391,e,0
e00392,e,0
e00393,e,0
e00394,e,0
e00395,e,0
e00396,e,0
e00397,e,0
e00398,e,0
e00399,e,0
e00400,e,0
e00401,e,0
e00402,e,0
e00403,e,0
e00404,e,0
e00405,e,0
e00406,e,0
e00407,e,0
e00408,e,0
e00409,e,0
e00410,e,0
e00411,e,0
e00412,e,0
e00413,e,0
e00414,e,0
e00415,e,0
e00416,e,0
e00417,e,0
e00418,e,0
e00419,e,0
e00420,e,0
e00421,e,0
e00422,e,0
e00423,e,0
e00424,e,0
e00425,e,0
e00426,e,0
e00427,e,0
e00428,e,0
e00429,e,0
e00430,e,0
e00431,e,0
e00432,e,0
e00433,e,0
e00434,e,0
e00435,e,1
e00436,e,0
e00437,e,0
e00438,e,0
e00439,e,0
e00440,e,0
e00441,e,0
e00442,e,0
e00443,e,0
e00444,e,0
e00445,e,0
e00446,e,0
e00447,e,0
e00448,e,0
e00449,e,0
e00450,e,0
e00451,e,0
e00452,e,0
e00453,e,0
e00454,e,0
e00455,e,0
e00456,e,1
e00457,e,1
e00458,e,0
e00459,e,0
e00460,e,0
e00461,e,1
e00462,e,0
e00463,e,0
e00464,e,0
e00465,e,0
e00466,e,0
e00467,e,0
e00468,e,0
e00469,e,0
e00470,e,0
e00471,e,0
e00472,e,0
e00473,e,0
e00474,e,0
e00475,e,1
e00476,e,0
e00477,e,1
e00478,e,0
e00479,e,0
e00480,e,0
e00481,e,0
e00482,e,0
e00483,e,0
e00484,e,0
e00485,e,0
e00486,e,0
e00487,e,0
e00488,e,0
e00489,e,0
e00490,e,0
e00491,e,0
e00492,e,0
e00493,e,0
e00494,e,0
e00495,e,0
e00496,e,0
e00497,e,0
e00498,e,0
e00499,e,0
e00500,e,0
e00501,e,0
e00502,e,0
e00503,e,0
e00504,e,0
e00505,e,0
e00506,e,0
e00507,e,0
e00508,e,0
e00509,e,0
e00510,e,0
e00511,e,0
e00512,e,0
e00513,e,0
e00514,e,0
e00515,e,0
e00516,e,0
e00517,e,0
e00518,e,0
e00519,e,0
e00520,e,0
e00521,e,0
e00522,e,0
e00523,e,1
e00524,e,0
e00525,e,0
e00526,e,1
e00527,e,0
e00528,e,1
e00529,e,0
e00530,e,0
e00531,e,0
e00532,e,0
e00533,e,0
e00534,e,0
e00535,e,0
e00536,e,1
e00537,e,1
e00538,e,0
e00539,e,1
e00540,e,0
e00541,e,0
e00542,e,0
e00543,e,0
e00544,e,0
e00545,e,0
e00546,e,0
e00547,e,0
e00548,e,0
e00549,e,0
e00550,e,0
e00551,e,1
e00552,e,0
e00553,e,0
e00554,e,0
e00555,e,0
e00556,e,0
e00557,e,0
e00558,e,0
e00559,e,0
e00560,e,0
e00561,e,0
e00562,e,1
e00563,e,0
e00564,e,0
e00565,e,0
e00566,e,0
e00567,e,0
e00568,e,0
e00569,e,0
e00570,e,0
e00571,e,0
e00572,e,0
e00573,e,0
e00574,e,0
e00575,e,0
e00576,e,0
e00577,e,0
e00578,e,0
e00579,e,0
e00580,e,0
e00581,e,0
e00582,e,0
e00583,e,0
e00584,e,0
e00585,e,0
e00586,e,0
e00587,e,0
e00588,e,0
e00589,e,0
e00590,e,0
e00591,e,1
e00592,e,0
e00593,e,0
e00594,e,0
e00595,e,0
e00596,e,0
e00597,e,0
e00598,e,0
e00599,e,0
e00600,e,0
e00601,e,1
e00602,e,0
e00603,e,1
e00604,e,0
e00605,e,1
e00606,e,0
e00607,e,0
e00608,e,0
e00609,e,0
e00610,e,0
e00611,e,0
e00612,e,0
e00613,e,0
e00614,e,0
e00615,e,0
e00616,e,0
e00617,e,0
e00618,e,0
e00619,e,1
e00620,e,0
e00621,e,0
e00622,e,1
e00623,e,0
e00624,e,0
e00625,e,0
e00626,e,0
e00627,e,1
e00628,e,0
e00629,e,0
e00630,e,0
e00631,e,0
e00632,e,0
e00633,e,0
e00634,e,0
e00635,e,0
e00636,e,0
e00637,e,0
e00638,e,0
e00639,e,0
e00640,e,0
e00641,e,0
e00642,e,0
e00643,e,0
e00644,e,0
e00645,e,0
e00646,e,0
e00647,e,0
e00648,e,1
e00649,e,0
e00650,e,0
e00651,e,0
e00652,e,0
e00653,e,0
e00654,e,0
e00655,e,0
e00656,e,0
e00657,e,1
e00658,e,0
e00659,e,0
e00660,e,0
e00661,e,0
e00662,e,0
e00663,e,0
e00664,e,0
e00665,e,0
e00666,e,0
e00667,e,0
e00668,e,0
e00669,e,0
e00670,e,1
e00671,e,0
e00672,e,0
e00673,e,0
e00674,e,0
e00675,e,0
e00676,e,0
e00677,e,0
e00678,e,0
e00679,e,0
e00680,e,0
e00681,e,0
e00682,e,0
e00683,e,0
e00684,e,0
e00685,e,0
e00686,e,0
e00687,e,0
e00688,e,0
e00689,e,0
e00690,e,0
e00691,e,0
e00692,e,0
e00693,e,1
e00694,e,0
e00695,e,0
e00696,e,0
e00697,e,0
e00698,e,0
e00699,e,1
e00700,e,0
e00701,e,0
e00702,e,0
e00703,e,1
e00704,e,0
e00705,e,0
e00706,e,0
e00707,e,0
e00708,e,0
e00709,e,0
e00710,e,0
e00711,e,0
e00712,e,0
e00713,e,1
e00714,e,0
e00715,e,0
e00716,e,0
e00717,e,0
e00718,e,0
e00719,e,0
e00720,e,0
e00721,e,0
e00722,e,0
e00723,e,0
e00724,e,0
e00725,e,0
e00726,e,0
e00727,e,0
e00728,e,0
e00729,e,0
e00730,e,0
e00731,e,1
e00732,e,0
e00733,e,0
e00734,e,0
e00735,e,0
e00736,e,0
e00737,e,1
e00738,e,0
e00739,e,0
e00740,e,0
e00741,e,0
e00742,e,0
e00743,e,0
e00744,e,0
e00745,e,0
e00746,e,0
e00747,e,0
e00748,e,0
e00749,e,0
e00750,e,0
e00751,e,0
e00752,e,0
e00753,e,0
e00754,e,0
e00755,e,0
e00756,e,0
e00757,e,0
e00758,e,0
e00759,e,0
e00760,e,0
e00761,e,0
e00762,e,0
e00763,e,0
e00764,e,0
e00765,e,0
e00766,e,1
e00767,e,0
e00768,e,0
e00769,e,0
e00770,e,0
e00771,e,0
e00772,e,0
e00773,e,0
e00774,e,0
e00775,e,0
e00776,e,0
e00777,e,0
e00778,e,0
e00779,e,0
e00780,e,0
e00781,e,0
e00782,e,0
e00783,e,0
e00784,e,0
e00785,e,0
e00786,e,0
e00787,e,0
e00788,e,0
e00789,e,0
e00790,e,0
e00791,e,0
e00792,e,1
e00793,e,0
e00794,e,0
e00795,e,0
e00796,e,0
e00797,e,0
e00798,e,0
e00799,e,0
e00800,e,0
e00801,e,0
e00802,e,0
e00803,e,0
e00804,e,0
e00805,e,0
e00806,e,0
e00807,e,0
e00808,e,0
e00809,e,0
e00810,e,0
e00811,e,1
e00812,e,1
e00813,e,0
e00814,e,0
e00815,e,0
e00816,e,0
e00817,e,0
e00818,e,0
e00819,e,0
e00820,e,0
e00821,e,0
e00822,e,0
e00823,e,0
e00824,e,1
e00825,e,0
e00826,e,0
e00827,e,0
e00828,e,0
e00829,e,0
e00830,e,0
e00831,e,0
e00832,e,0
e00833,e,0
e00834,e,0
e00835,e,0
e00836,e,0
e00837,e,0
e00838,e,0
e00839,e,0
e00840,e,0
e00841,e,1
e00842,e,0
e00843,e,0
e00844,e,0
e00845,e,0
e00846,e,0
e00847,e,1
e00848,e,0
e00849,e,0
e00850,e,0
e00851,e,0
e00852,e,0
e00853,e,0
e00854,e,0
e00855,e,0
e00856,e,0
e00857,e,0
e00858,e,0
e00859,e,0
e00860,e,0
e00861,e,0
e00862,e,0
e00863,e,0
e00864,e,0
e00865,e,0
e00866,e,0
e00867,e,0
e00868,e,0
e00869,e,0
e00870,e,0
e00871,e,1
e00872,e,0
e00873,e,0
e00874,e,0
e00875,e,0
e00876,e,0
e00877,e,0
e00878,e,0
e00879,e,0
e00880,e,1
e00881,e,0
e00882,e,0
e00883,e,0
e00884,e,0
e00885,e,0
e00886,e,0
e00887,e,0
e00888,e,0
e00889,e,0
e00890,e,0
e00891,e,0
e00892,e,0
e00893,e,0
e00894,e,0
e00895,e,0
e00896,e,0
e00897,e,0
e00898,e,0
e00899,e,0
e00900,e,0
e00901,e,0
e00902,e,0
e00903,e,0
e00904,e,0
e00905,e,0
e00906,e,0
e00907,e,0
e00908,e,0
e00909,e,0
e00910,e,0
e00911,e,0
e00912,e,0
e00913,e,0
e00914,e,0
e00915,e,0
e00916,e,0
e00917,e,1
e00918,e,0
e00919,e,0
e00920,e,0
e00921,e,1
e00922,e,0
e00923,e,0
e00924,e,1
e00925,e,1
e00926,e,0
e00927,e,0
e00928,e,0
e00929,e,1
e00930,e,0
e00931,e,0
e00932,e,0
e00933,e,0
e00934,e,0
e00935,e,1
e00936,e,1
e00937,e,0
e00938,e,0
e00939,e,0
e00940,e,0
e00941,e,0
e00942,e,0
e00943,e,0
e00944,e,0
e00945,e,0
e00946,e,0
e00947,e,0
e00948,e,0
e00949,e,0
e00950,e,0
e00951,e,0
e00952,e,0
e00953,e,0
e00954,e,0
e00955,e,0
e00956,e,0
e00957,e,0
e00958,e,0
e00959,e,0
e00960,e,0
e00961,e,0
e00962,e,0
e00963,e,0
e00964,e,0
e00965,e,0
e00966,e,0
e00967,e,1
e00968,e,0
e00969,e,0
e00970,e,0
e00971,e,0
e00972,e,0
e00973,e,0
e00974,e,0
e00975,e,0
e00976,e,0
e00977,e,0
e00978,e,0
e00979,e,0
e00980,e,1
e00981,e,0
e00982,e,0
e00983,e,0
e00984,e,0
e00985,e,0
e00986,e,0
e00987,e,0
e00988,e,0
e00989,e,0
e00990,e,0
e00991,e,0
e00992,e,0
e00993,e,0
e00994,e,0
e00995,e,0
e00996,e,0
e00997,e,0
e00998,e,1
e00999,e,0
e01000,e,0
e01001,e,0
e01002,e,0
e01003,e,0
e01004,e,0
e01005,e,0
e01006,e,0
e01007,e,0
e01008,e,0
e01009,e,0
e01010,e,0
e01011,e,0
e01012,e,0
e01013,e,1
e01014,e,0
e01015,e,0
e01016,e,1
e01017,e,0
e01018,e,0
e01019,e,0
e01020,e,0
e01021,e,0
e01022,e,0
e01023,e,0
e01024,e,0
e01025,e,0
e01026,e,0
e01027,e,0
e01028,e,0
e01029,e,0
e01030,e,0
e01031,e,0
e01032,e,0
e01033,e,0
e01034,e,0
e01035,e,0
e01036,e,0
e01037,e,0
e01038,e,0
e01039,e,0
e01040,e,0
e01041,e,0
e01042,e,0
e01043,e,0
e01044,e,0
e01045,e,0
e01046,e,0
e01047,e,0
e01048,e,0
e01049,e,0
e01050,e,0
e01051,e,0
e01052,e,0
e01053,e,0
e01054,e,0
e01055,e,1
e01056,e,0
e01057,e,0
e01058,e,0
e01059,e,0
e01060,e,0
e01061,e,0
e01062,e,1
e01063,e,0
e01064,e,0
e01065,e,0
e01066,e,0
e01067,e,0
e01068,e,0
e01069,e,0
e01070,e,0
e01071,e,0
e01072,e,0
e01073,e,0
e01074,e,0
e01075,e,0
e01076,e,0
e01077,e,0
e01078,e,0
e01079,e,0
e01080,e,0
e01081,e,0
e01082,e,0
e01083,e,0
e01084,e,1
e01085,e,0
e01086,e,0
e01087,e,0
e01088,e,0
e01089,e,0
e01090,e,0
e01091,e,0
e01092,e,0
e01093,e,0
e01094,e,0
e01095,e,0
e01096,e,0
e01097,e,1
e01098,e,0
e01099,e,0
e01100,e,0
e01101,e,0
e01102,e,0
e01103,e,0
e01104,e,0
e01105,e,1
e01106,e,0
e01107,e,0
e01108,e,0
e01109,e,0
e01110,e,0
e01111,e,0
e01112,e,0
e01113,e,0
e01114,e,0
e01115,e,1
e01116,e,0
e01117,e,0
e01118,e,0
e01119,e,0
e01120,e,0
e01121,e,0
e01122,e,0
e01123,e,0
e01124,e,0
e01125,e,0
e01126,e,0
e01127,e,0
e01128,e,0
e01129,e,0
e01130,e,0
e01131,e,0
e01132,e,0
e01133,e,0
e01134,e,0
e01135,e,0
e01136,e,0
e01137,e,0
e01138,e,0
e01139,e,0
e01140,e,0
e01141,e,0
e01142,e,0
e01143,e,0
e01144,e,0
e01145,e,0
e01146,e,0
e01147,e,0
e01148,e,0
e01149,e,0
e01150,e,0
e01151,e,0
e01152,e,0
e01153,e,0
e01154,e,0
e01155,e,0
e01156,e,0
e01157,e,0
e01158,e,0
e01159,e,0
e01160,e,1
e01161,e,0
e01162,e,0
e01163,e,0
e01164,e,0
e01165,e,0
e01166,e,0
e01167,e,0
e01168,e,0
e01169,e,0
e01170,e,0
e01171,e,0
e01172,e,0
e01173,e,0
e01174,e,0
e01175,e,0
e01176,e,0
e01177,e,0
e01178,e,0
e01179,e,0
e01180,e,0
e01181,e,0
e01182,e,0
e01183,e,0
e01184,e,0
e01185,e,0
e01186,e,0
e01187,e,0
e01188,e,0
e01189,e,0
e01190,e,0
e01191,e,0
e01192,e,0
e01193,e,0
e01194,e,0
e01195,e,0
e01196,e,0
e01197,e,0
e01198,e,0
e01199,e,0
e01200,e,0
e01201,e,0
e01202,e,0
e01203,e,0
e01204,e,0
e01205,e,1
e01206,e,0
e01207,e,0
e01208,e,0
e01209,e,0
e01210,e,0
e01211,e,0
e01212,e,0
e01213,e,0
e01214,e,0
e01215,e,1
e01216,e,0
e01217,e,0
e01218,e,1
e01219,e,0
e01220,e,0
e01221,e,0
e01222,e,0
e01223,e,0
e01224,e,0
e01225,e,0
e01226,e,1
e01227,e,0
e01228,e,0
e01229,e,0
e01230,e,0
e01231,e,0
e01232,e,0
e01233,e,0
e01234,e,0
e01235,e,0
e01236,e,0
e01237,e,1
e01238,e,0
e01239,e,0
e01240,e,0
e01241,e,0
e01242,e,0
e01243,e,0
e01244,e,0
e01245,e,0
e01246,e,1
e01247,e,0
e01248,e,0
e01249,e,0
e01250,e,0
e01251,e,0
e01252,e,0
e01253,e,0
e01254,e,0
e01255,e,0
e01256,e,1
e01257,e,0
e01258,e,0
e01259,e,0
e01260,e,0
e01261,e,0
e01262,e,0
e01263,e,1
e01264,e,0
e01265,e,0
e01266,e,0
e01267,e,0
e01268,e,0
e01269,e,0
e01270,e,0
e01271,e,0
e01272,e,1
e01273,e,0
e01274,e,0
e01275,e,0
e01276,e,0
e01277,e,0
e01278,e,0
e01279,e,0
e01280,e,1
e01281,e,0
e01282,e,0
e01283,e,0
e01284,e,1
e01285,e,0
e01286,e,0
e01287,e,0
e01288,e,0
e01289,e,1
e01290,e,0
e01291,e,0
e01292,e,0
e01293,e,0
e01294,e,0
e01295,e,0
e01296,e,0
e01297,e,0
e01298,e,1
e01299,e,1
e01300,e,0
e01301,e,0
e01302,e,0
e01303,e,0
e01304,e,0
e01305,e,0
e01306,e,0
e01307,e,1
e01308,e,0
e01309,e,0
e01310,e,0
e01311,e,0
e01312,e,0
e01313,e,0
e01314,e,0
e01315,e,0
e01316,e,0
e01317,e,0
e01318,e,0
e01319,e,0
e01320,e,0
e01321,e,0
e01322,e,0
e01323,e,0
e01324,e,0
e01325,e,0
e01326,e,0
e01327,e,0
e01328,e,0
e01329,e,0
e01330,e,0
e01331,e,0
e01332,e,0
e01333,e,0
e01334,e,0
e01335,e,0
e01336,e,0
e01337,e,0
e01338,e,0
e01339,e,0
e01340,e,0
e01341,e,1
e01342,e,0
e01343,e,0
e01344,e,0
e01345,e,0
e01346,e,0
e01347,e,0
e01348,e,0
e01349,e,0
e01350,e,0
e01351,e,1
e01352,e,0
e01353,e,0
e01354,e,0
e01355,e,0
e01356,e,0
e01357,e,0
e01358,e,0
e01359,e,0
e01360,e,0
e01361,e,0
e01362,e,0
e01363,e,0
e01364,e,0
e01365,e,1
e01366,e,0
e01367,e,1
e01368,e,0
e01369,e,0
e01370,e,0
e01371,e,0
e01372,e,0
e01373,e,0
e01374,e,1
e01375,e,1
e01376,e,1
e01377,e,0
e01378,e,0
e01379,e,0
e01380,e,0
e01381,e,0
e01382,e,1
e01383,e,1
e01384,e,0
e01385,e,0
e01386,e,0
e01387,e,0
e01388,e,0
e01389,e,0
e01390,e,0
e01391,e,0
e01392,e,0
e01393,e,0
e01394,e,0
e01395,e,0
e01396,e,0
e01397,e,0
e01398,e,0
e01399,e,1
e01400,e,0
e01401,e,0
e01402,e,0
e01403,e,0
e01404,e,0
e01405,e,0
e01406,e,0
e01407,e,0
e01408,e,0
e01409,e,0
e01410,e,0
e01411,e,0
e01412,e,0
e01413,e,0
e01414,e,0
e01415,e,0
e01416,e,0
e01417,e,0
e01418,e,0
e01419,e,0
e01420,e,0
e01421,e,1
e01422,e,0
e01423,e,0
e01424,e,0
e01425,e,0
e01426,e,0
e01427,e,0
e01428,e,0
e01429,e,0
e01430,e,0
e01431,e,0
e01432,e,0
e01433,e,0
e01434,e,0
e01435,e,0
e01436,e,0
e01437,e,0
e01438,e,0
e01439,e,0
e01440,e,0
e01441,e,0
e01442,e,0
e01443,e,0
e01444,e,0
e01445,e,0
e01446,e,0
e01447,e,0
e01448,e,0
e01449,e,0
e01450,e,0
e01451,e,0
e01452,e,0
e01453,e,0
e01454,e,0
e01455,e,0
e01456,e,0
e01457,e,1
e01458,e,0
e01459,e,0
e01460,e,0
e01461,e,1
e01462,e,0
e01463,e,0
e01464,e,0
e01465,e,0
e01466,e,0
e01467,e,0
e01468,e,0
e01469,e,0
e01470,e,0
e01471,e,0
e01472,e,0
e01473,e,0
e01474,e,0
e01475,e,0
e01476,e,0
e01477,e,0
e01478,e,0
e01479,e,1
e01480,e,0
e01481,e,0
e01482,e,0
e01483,e,1
e01484,e,0
e01485,e,0
e01486,e,0
e01487,e,0
e01488,e,0
e01489,e,0
e01490,e,0
e01491,e,0
e01492,e,0
e01493,e,0
e01494,e,1
e01495,e,0
e01496,e,0
e01497,e,0
e01498,e,0
e01499,e,0
e01500,e,0
e01501,e,0
e01502,e,1
e01503,e,0
e01504,e,0
e01505,e,0
e01506,e,0
e01507,e,0
e01508,e,0
e01509,e,0
e01510,e,0
e01511,e,1
e01512,e,0
e01513,e,0
e01514,e,0
e01515,e,0
e01516,e,0
e01517,e,0
e01518,e,0
e01519,e,0
e01520,e,0
e01521,e,0
e01522,e,0
e01523,e,0
e01524,e,0
e01525,e,0
e01526,e,0
e01527,e,0
e01528,e,0
e01529,e,1
e01530,e,0
e01531,e,1
e01532,e,0
e01533,e,0
e01534,e,0
e01535,e,0
e01536,e,0
e01537,e,0
e01538,e,0
e01539,e,0
e01540,e,0
e01541,e,0
e01542,e,0
e01543,e,0
e01544,e,0
e01545,e,0
e01546,e,0
e01547,e,0
e01548,e,0
e01549,e,0
e01550,e,0
e01551,e,0
e01552,e,0
e01553,e,0
e01554,e,0
e01555,e,0
e01556,e,0
e01557,e,0
e01558,e,0
e01559,e,1
e01560,e,0
e01561,e,0
e01562,e,0
e01563,e,0
e01564,e,0
e01565,e,0
e01566,e,0
e01567,e,0
e01568,e,1
e01569,e,0
e01570,e,0
e01571,e,0
e01572,e,1
e01573,e,0
e01574,e,0
e01575,e,0
e01576,e,0
e01577,e,0
e01578,e,0
e01579,e,0
e01580,e,0
e01581,e,1
e01582,e,0
e01583,e,0
e01584,e,0
e01585,e,0
e01586,e,0
e01587,e,0
e01588,e,0
e01589,e,0
e01590,e,0
e01591,e,0
e01592,e,0
e01593,e,0
e01594,e,0
e01595,e,0
e01596,e,0
e01597,e,0
e01598,e,0
e01599,e,0
e01600,e,0
e01601,e,1
e01602,e,1
e01603,e,0
e01604,e,0
e01605,e,1
e01606,e,0
e01607,e,0
e01608,e,0
e01609,e,0
e01610,e,0
e01611,e,0
e01612,e,0
e01613,e,0
e01614,e,0
e01615,e,0
e01616,e,0
e01617,e,0
e01618,e,0
e01619,e,0
e01620,e,0
e01621,e,0
e01622,e,0
e01623,e,1
e01624,e,0
e01625,e,0
e01626,e,0
e01627,e,0
e01628,e,0
e01629,e,0
e01630,e,0
e01631,e,0
e01632,e,0
e01633,e,0
e01634,e,0
e01635,e,0
e01636,e,0
e01637,e,1
e01638,e,1
e01639,e,0
e01640,e,0
e01641,e,0
e01642,e,0
e01643,e,0
e01644,e,0
e01645,e,0
e01646,e,0
e01647,e,0
e01648,e,0
e01649,e,0
e01650,e,0
e01651,e,1
e01652,e,0
e01653,e,0
e01654,e,0
e01655,e,0
e01656,e,0
e01657,e,0
e01658,e,0
e01659,e,0
e01660,e,0
e01661,e,1
e01662,e,0
e01663,e,0
e01664,e,0
e01665,e,1
e01666,e,0
e01667,e,0
e01668,e,1
e01669,e,0
e01670,e,0
e01671,e,0
e01672,e,0
e01673,e,0
e01674,e,0
e01675,e,0
e01676,e,0
e01677,e,0
e01678,e,0
e01679,e,0
e01680,e,0
e01681,e,0
e01682,e,0
e01683,e,0
e01684,e,1
e01685,e,0
e01686,e,1
e01687,e,0
e01688,e,0
e01689,e,1
e01690,e,0
e01691,e,0
e01692,e,0
e01693,e,0
e01694,e,0
e01695,e,0
e01696,e,0
e01697,e,1
e01698,e,0
e01699,e,0
e01700,e,0
e01701,e,0
e01702,e,0
e01703,e,0
e01704,e,0
e01705,e,0
e01706,e,0
e01707,e,0
e01708,e,0
e01709,e,0
e01710,e,0
e01711,e,1
e01712,e,0
e01713,e,0
e01714,e,0
e01715,e,0
e01716,e,0
e01717,e,0
e01718,e,0
e01719,e,1
e01720,e,0
e01721,e,0
e01722,e,0
e01723,e,0
e01724,e,0
e01725,e,0
e01726,e,0
e01727,e,0
e01728,e,0
e01729,e,0
e01730,e,0
e01731,e,0
e01732,e,1
e01733,e,0
e01734,e,0
e01735,e,0
e01736,e,0
e01737,e,0
e01738,e,0
e01739,e,0
e01740,e,0
e01741,e,0
e01742,e,0
e01743,e,0
e01744,e,0
e01745,e,0
e01746,e,0
e01747,e,0
e01748,e,0
e01749,e,0
e01750,e,0
e01751,e,0
e01752,e,0
e01753,e,0
e01754,e,0
e01755,e,0
e01756,e,1
e01757,e,0
e01758,e,0
e01759,e,0
e01760,e,0
e01761,e,0
e01762,e,0
e01763,e,0
e01764,e,0
e01765,e,0
e01766,e,1
e01767,e,0
e01768,e,0
e01769,e,0
e01770,e,0
e01771,e,0
e01772,e,0
e01773,e,0
e01774,e,0
e01775,e,0
e01776,e,0
e01777,e,0
e01778,e,0
e01779,e,0
e01780,e,0
e01781,e,0
e01782,e,0
e01783,e,0
e01784,e,0
e01785,e,0
e01786,e,0
e01787,e,1
e01788,e,0
e01789,e,0
e01790,e,0
e01791,e,1
e01792,e,0
e01793,e,0
e01794,e,0
e01795,e,0
e01796,e,0
e01797,e,0
e01798,e,0
e01799,e,0
e01800,e,0
e01801,e,0
e01802,e,0
e01803,e,0
e01804,e,0
e01805,e,0
e01806,e,0
e01807,e,0
e01808,e,0
e01809,e,0
e01810,e,0
e01811,e,0
e01812,e,1
e01813,e,0
e01814,e,0
e01815,e,0
e01816,e,0
e01817,e,0
e01818,e,0
e01819,e,0
e01820,e,0
e01821,e,0
e01822,e,0
e01823,e,0
e01824,e,1
e01825,e,0
e01826,e,0
e01827,e,0
e01828,e,0
e01829,e,0
e01830,e,0
e01831,e,0
e01832,e,1
e01833,e,0
e01834,e,0
e01835,e,0
e01836,e,0
e01837,e,0
e01838,e,0
e01839,e,0
e01840,e,0
e01841,e,0
e01842,e,0
e01843,e,0
e01844,e,0
e01845,e,0
e01846,e,1
e01847,e,0
e01848,e,1
e01849,e,0
e01850,e,0
e01851,e,0
e01852,e,0
e01853,e,0
e01854,e,0
e01855,e,1
e01856,e,1
e01857,e,1
e01858,e,0
e01859,e,0
e01860,e,0
e01861,e,0
e01862,e,0
e01863,e,0
e01864,e,0
e01865,e,0
e01866,e,0
e01867,e,1
e01868,e,0
e01869,e,1
e01870,e,0
e01871,e,0
e01872,e,0
e01873,e,0
e01874,e,0
e01875,e,0
e01876,e,0
e01877,e,0
e01878,e,0
e01879,e,0
e01880,e,0
e01881,e,1
e01882,e,0
e01883,e,0
e01884,e,0
e01885,e,0
e01886,e,0
e01887,e,0
e01888,e,0
e01889,e,0
e01890,e,0
e01891,e,0
e01892,e,0
e01893,e,0
e01894,e,0
e01895,e,0
e01896,e,0
e01897,e,0
e01898,e,0
e01899,e,0
e01900,e,0
e01901,e,0
e01902,e,0
e01903,e,0
e01904,e,0
e01905,e,0
e01906,e,0
e01907,e,0
e01908,e,0
e01909,e,0
e01910,e,0
e01911,e,0
e01912,e,0
e01913,e,0
e01914,e,0
e01915,e,0
e01916,e,0
e01917,e,1
e01918,e,0
e01919,e,0
e01920,e,0
e01921,e,0
e01922,e,1
e01923,e,0
e01924,e,0
e01925,e,0
e01926,e,0
e01927,e,0
e01928,e,0
e01929,e,1
e01930,e,0
e01931,e,0
e01932,e,0
e01933,e,0
e01934,e,0
e01935,e,0
e01936,e,0
e01937,e,0
e01938,e,0
e01939,e,0
e01940,e,0
e01941,e,0
e01942,e,0
e01943,e,0
e01944,e,0
e01945,e,0
e01946,e,0
e01947,e,0
e01948,e,0
e01949,e,0
e01950,e,0
e01951,e,0
e01952,e,0
e01953,e,1
e01954,e,0
e01955,e,0
e01956,e,0
e01957,e,0
e01958,e,0
e01959,e,0
e01960,e,0
e01961,e,0
e01962,e,1
e01963,e,0
e01964,e,0
e01965,e,0
e01966,e,0
e01967,e,1
e01968,e,0
e01969,e,0
e01970,e,0
e01971,e,1
e01972,e,0
e01973,e,0
e01974,e,0
e01975,e,0
e01976,e,0
e01977,e,0
e01978,e,1
e01979,e,0
e01980,e,0
e01981,e,0
e01982,e,0
e01983,e,0
e01984,e,0
e01985,e,0
e01986,e,0
e01987,e,0
e01988,e,0
e01989,e,0
e01990,e,0
e01991,e,0
e01992,e,1
e01993,e,0
e01994,e,0
e01995,e,1
e01996,e,0
e01997,e,0
e01998,e,0
e01999,e,0
e02000,e,0
e02001,e,0
e02002,e,0
e02003,e,0
e02004,e,0
e02005,e,0
e02006,e,0
e02007,e,0
e02008,e,0
e02009,e,0
e02010,e,0
e02011,e,0
e02012,e,0
e02013,e,0
e02014,e,0
e02015,e,0
e02016,e,0
e02017,e,0
e02018,e,0
e02019,e,0
e02020,e,0
e02021,e,0
e02022,e,0
e02023,e,0
e02024,e,0
e02025,e,0
e02026,e,0
e02027,e,0
e02028,e,0
e02029,e,0
e02030,e,1
e02031,e,0
e02032,e,1
e02033,e,0
e02034,e,0
e02035,e,0
e02036,e,0
e02037,e,0
e02038,e,0
e02039,e,0
e02040,e,0
e02041,e,0
e02042,e,0
e02043,e,0
e02044,e,1
e02045,e,0
e02046,e,0
e02047,e,0
e02048,e,0
e02049,e,0
e02050,e,0
e02051,e,0
e02052,e,0
e02053,e,0
e02054,e,0
e02055,e,0
e02056,e,0
e02057,e,0
e02058,e,0
e02059,e,0
e02060,e,0
e02061,e,0
e02062,e,0
e02063,e,0
e02064,e,0
e02065,e,1
e02066,e,0
e02067,e,0
e02068,e,0
e02069,e,0
e02070,e,0
e02071,e,0
e02072,e,0
e02073,e,0
e02074,e,1
e02075,e,0
e02076,e,0
e02077,e,0
e02078,e,0
e02079,e,0
e02080,e,0
e02081,e,0
e02082,e,0
e02083,e,0
e02084,e,0
e02085,e,1
e02086,e,0
e02087,e,0
e02088,e,0
e02089,e,0
e02090,e,0
e02091,e,0
e02092,e,0
e02093,e,0
e02094,e,0
e02095,e,0
e02096,e,0
e02097,e,1
e02098,e,0
e02099,e,0
e02100,e,0
e02101,e,1
e02102,e,1
e02103,e,0
e02104,e,0
e02105,e,0
e02106,e,0
e02107,e,0
e02108,e,1
e02109,e,0
e02110,e,0
e02111,e,0
e02112,e,0
e02113,e,0
e02114,e,0
e02115,e,0
e02116,e,0
e02117,e,0
e02118,e,0
e02119,e,0
e02120,e,0
e02121,e,1
e02122,e,0
e02123,e,0
e02124,e,0
e02125,e,0
e02126,e,1
e02127,e,0
e02128,e,0
e02129,e,0
e02130,e,0
e02131,e,0
e02132,e,0
e02133,e,1
e02134,e,0
e02135,e,1
e02136,e,0
e02137,e,1
e02138,e,0
e02139,e,0
e02140,e,0
e02141,e,0
f0001,f,0
f0002,f,0
f0003,f,1
f0004,f,0
f0005,f,0
f0006,f,0
f0007,f,1
f0008,f,1
f0009,f,0
f0010,f,0
f0011,f,0
f0012,f,1
f0013,f,0
f0014,f,0
f0015,f,0
f0016,f,0
f0017,f,0
f0018,f,1
f0019,f,0
f0020,f,1
f0021,f,0
f0022,f,0
f0023,f,0
f0024,f,0
f0025,f,0
f0026,f,0
f0027,f,0
f0028,f,0
f0029,f,1
f0030,f,0
f0031,f,0
f0032,f,0
f0033,f,0
f0034,f,1
f0035,f,1
f0036,f,0
f0037,f,0
f0038,f,0
f0039,f,0
f0040,f,0
f0041,f,1
f0042,f,0
f0043,f,0
f0044,f,0
f0045,f,1
f0046,f,0
f0047,f,1
f0048,f,0
f0049,f,0
f0050,f,1
f0051,f,0
f0052,f,1
f0053,f,0
f0054,f,0
f0055,f,0
f0056,f,1
f0057,f,1
f0058,f,0
f0059,f,0
f0060,f,1
f0061,f,0
f0062,f,0
f0063,f,1
f0064,f,1
f0065,f,0
f0066,f,0
f0067,f,1
f0068,f,1
f0069,f,1
f0070,f,0
f0071,f,1
f0072,f,1
f0073,f,0
f0074,f,0
f0075,f,0
f0076,f,0
f0077,f,0
f0078,f,0
f0079,f,1
f0080,f,0
f0081,f,0
f0082,f,1
f0083,f,1
f0084,f,0
f0085,f,1
f0086,f,0
f0087,f,0
f0088,f,0
f0089,f,1
f0090,f,1
f0091,f,0
f0092,f,0
f0093,f,1
f0094,f,0
f0095,f,0
f0096,f,1
f0097,f,0
f0098,f,0
f0099,f,1
f0100,f,0
f0101,f,0
f0102,f,0
f0103,f,1
f0104,f,0
f0105,f,0
f0106,f,0
f0107,f,0
f0108,f,0
f0109,f,0
f0110,f,0
f0111,f,0
f0112,f,0
f0113,f,0
f0114,f,0
